mq2_value,mq3_value,mq5_value,mq135_value,temp,humidity,label
95,121,164,226,27.25,79.07,not_ready
174,138,249,274,33.45,49.61,ready
120,84,156,189,26.27,79.76,not_ready
147,139,208,254,32.3,59.77,nearly_ready
151,145,240,264,31.81,62.34,ready
131,113,161,253,29.36,69.11,nearly_ready
136,100,273,273,34.67,60.61,approaching
198,103,268,224,33.74,80.7,not_ready
201,154,250,330,37.96,57.45,approaching
118,166,219,260,32.29,81.89,nearly_ready
127,106,194,239,31.58,69.68,approaching
136,180,241,275,33.07,67.78,nearly_ready
116,123,186,220,32.49,70.58,approaching
87,103,164,223,30.29,62.59,nearly_ready
170,123,240,250,31.76,54.3,ready
76,77,156,213,28.21,75.77,not_ready
115,124,192,280,29.74,81.83,nearly_ready
201,223,266,352,32.09,73.46,approaching
150,142,250,276,29.96,62.87,ready
166,141,246,268,32.97,50.03,ready
132,163,218,267,34.04,67.14,nearly_ready
116,119,186,213,32.13,70.96,approaching
147,139,230,265,34.07,57.19,nearly_ready
90,96,141,222,27.78,78.26,not_ready
154,187,267,328,30.82,92.03,approaching
85,117,185,205,28.15,75.17,not_ready
148,158,235,261,34.71,63.77,nearly_ready
119,118,194,287,31.76,75.5,nearly_ready
50,73,122,198,28.68,71.91,not_ready
124,94,189,257,33.0,64.56,nearly_ready
63,70,152,196,28.34,75.3,not_ready
122,179,239,272,34.31,58.97,approaching
149,130,212,232,32.83,58.45,ready
115,163,213,236,34.66,64.45,approaching
117,98,183,258,33.14,64.8,nearly_ready
149,163,216,299,34.61,51.34,nearly_ready
159,148,243,259,31.6,66.82,ready
145,191,256,375,33.77,71.25,approaching
156,184,240,278,30.79,60.4,ready
50,73,109,199,28.94,71.06,not_ready
141,130,213,280,31.17,70.72,nearly_ready
170,138,225,259,31.47,64.61,ready
85,75,156,165,31.46,67.11,not_ready
95,80,130,215,28.44,79.33,not_ready
88,118,156,225,29.4,67.01,approaching
90,126,188,275,32.01,64.23,approaching
171,147,239,270,30.37,63.6,ready
133,103,187,203,32.0,68.66,nearly_ready
118,125,200,214,34.04,72.26,nearly_ready
130,140,220,252,33.1,64.2,nearly_ready
153,132,232,242,31.19,64.62,ready
81,77,153,167,32.49,69.17,not_ready
176,148,253,280,30.25,66.91,ready
122,95,186,276,33.54,61.45,nearly_ready
77,105,153,216,30.55,61.64,approaching
128,103,171,226,32.97,60.72,approaching
116,119,171,217,33.77,69.1,nearly_ready
147,137,200,281,30.72,72.17,ready
82,118,185,199,29.43,78.8,not_ready
127,160,237,232,33.84,62.99,nearly_ready
73,101,145,190,28.16,81.7,not_ready
59,82,124,214,28.64,72.95,not_ready
165,133,242,305,29.03,71.51,nearly_ready
138,156,236,252,32.99,66.17,nearly_ready
132,192,271,329,35.03,64.06,approaching
147,153,221,256,31.77,56.2,ready
85,114,171,200,28.94,75.05,not_ready
110,83,152,171,27.49,77.05,not_ready
59,86,117,210,29.07,73.81,approaching
227,214,289,374,30.28,78.72,approaching
146,128,206,284,30.16,72.12,ready
158,169,227,302,30.66,87.28,nearly_ready
95,115,187,261,32.1,70.98,nearly_ready
134,140,226,251,30.61,57.56,nearly_ready
196,203,197,337,30.78,81.82,not_ready
141,182,246,274,38.19,71.0,approaching
155,89,216,300,34.41,65.94,approaching
127,177,247,248,36.27,59.48,not_ready
92,107,185,259,30.89,72.42,nearly_ready
151,185,268,340,30.64,93.34,not_ready
143,145,222,260,32.43,56.5,nearly_ready
121,84,142,191,27.86,78.29,approaching
91,110,172,208,28.17,76.81,not_ready
136,141,226,256,31.48,55.84,ready
142,113,274,270,33.06,67.38,approaching
173,191,266,308,32.82,72.73,approaching
176,140,264,269,33.44,49.53,ready
94,106,193,256,31.71,73.73,nearly_ready
170,144,252,282,30.0,66.73,ready
164,174,222,316,30.09,92.2,approaching
157,161,239,336,35.99,61.26,approaching
166,193,238,289,31.22,62.08,ready
171,191,266,300,30.54,65.99,ready
170,182,235,316,30.47,91.14,approaching
183,199,273,312,32.42,75.95,approaching
71,97,155,199,29.14,70.77,not_ready
167,159,260,296,30.74,67.87,ready
82,80,151,170,31.98,65.91,not_ready
134,113,217,270,30.18,67.06,nearly_ready
154,157,247,333,36.23,60.54,approaching
75,89,147,204,29.35,69.95,not_ready
91,101,153,219,30.42,61.14,approaching
151,119,224,240,32.78,58.45,nearly_ready
87,113,184,253,31.05,74.25,approaching
144,109,198,241,30.57,70.22,approaching
159,133,229,259,32.15,64.04,ready
165,140,230,266,31.62,54.38,ready
167,189,246,267,32.25,58.75,ready
205,226,271,344,32.34,73.14,approaching
139,174,249,259,33.92,62.95,nearly_ready
135,134,240,250,35.39,56.25,approaching
178,139,250,269,33.5,48.57,nearly_ready
167,138,238,274,31.86,64.91,ready
140,129,179,275,29.08,72.1,approaching
155,142,242,260,35.09,51.81,approaching
153,158,261,274,30.36,63.82,ready
147,145,250,278,30.65,61.73,ready
206,127,262,265,36.18,76.03,not_ready
196,213,298,319,33.23,89.12,not_ready
162,191,248,279,31.83,63.34,ready
147,177,235,257,31.18,60.94,ready
166,116,246,310,33.33,53.78,nearly_ready
137,125,203,280,31.44,66.74,nearly_ready
124,137,205,236,32.9,66.55,nearly_ready
167,135,238,258,30.06,62.72,ready
162,158,255,284,30.13,67.96,ready
168,160,252,274,31.09,72.19,ready
134,105,183,198,31.76,69.22,approaching
82,116,172,257,30.84,65.79,approaching
166,147,235,258,32.47,59.99,ready
117,118,178,234,33.57,69.99,nearly_ready
161,145,237,257,32.14,63.11,ready
87,96,125,208,28.24,77.76,not_ready
144,158,217,300,34.7,52.2,nearly_ready
132,139,211,243,32.97,58.21,nearly_ready
148,157,237,259,32.29,57.97,ready
141,197,288,343,37.4,61.41,approaching
144,203,281,348,36.81,63.69,approaching
160,192,250,284,30.52,62.33,ready
155,146,257,264,30.95,58.98,ready
118,125,195,283,31.57,74.82,nearly_ready
124,134,234,300,32.62,93.53,approaching
180,178,236,307,38.23,56.53,approaching
136,168,235,260,33.77,88.33,approaching
182,162,266,303,30.77,66.7,ready
153,151,210,307,30.55,69.99,nearly_ready
145,158,227,299,34.11,52.97,ready
136,153,215,254,33.54,64.0,nearly_ready
77,106,171,209,28.86,84.36,not_ready
135,165,236,234,33.54,66.24,nearly_ready
189,167,245,295,37.8,56.04,approaching
151,137,227,261,31.26,63.54,ready
97,77,165,178,31.05,70.63,not_ready
174,160,249,272,31.54,70.26,ready
168,188,283,353,30.63,94.37,not_ready
84,87,159,207,27.91,78.14,not_ready
212,190,313,299,28.51,74.59,approaching
129,153,215,246,33.04,66.53,nearly_ready
174,196,259,306,29.87,69.39,ready
150,147,283,316,30.45,94.26,approaching
69,106,158,192,27.72,84.02,not_ready
129,158,211,282,32.75,81.92,nearly_ready
149,138,238,255,32.25,62.72,ready
53,71,116,193,28.55,71.72,not_ready
125,131,288,236,32.32,64.06,nearly_ready
171,205,282,305,32.1,76.94,approaching
196,211,308,307,31.14,78.28,approaching
93,85,123,213,28.22,77.94,not_ready
135,152,224,255,34.01,62.91,nearly_ready
164,140,240,262,32.58,64.15,ready
100,88,170,186,30.41,74.59,not_ready
145,150,227,271,34.34,55.49,nearly_ready
137,171,241,266,36.27,62.12,not_ready
122,167,243,273,33.41,68.75,approaching
80,112,160,223,30.91,63.08,approaching
122,171,218,266,32.76,81.86,nearly_ready
100,90,158,179,31.01,72.3,not_ready
134,99,179,210,32.42,68.38,approaching
159,154,223,280,34.78,57.41,nearly_ready
168,167,223,313,30.23,87.83,nearly_ready
163,186,254,277,31.56,61.69,ready
164,140,255,266,30.43,61.55,ready
94,89,123,215,27.63,81.83,not_ready
149,134,194,284,31.17,69.72,ready
125,129,213,288,32.06,91.97,approaching
187,166,257,301,30.5,67.04,ready
182,166,236,283,37.85,55.79,approaching
158,134,226,253,31.24,63.38,ready
142,120,230,280,29.9,71.57,ready
84,100,162,210,28.91,73.45,not_ready
107,92,130,217,27.46,82.89,not_ready
122,93,193,271,33.77,61.83,nearly_ready
146,160,232,248,34.96,61.47,nearly_ready
95,96,132,216,27.95,77.83,not_ready
101,94,138,225,27.91,83.48,not_ready
151,148,242,271,30.35,63.44,ready
90,115,164,204,28.45,77.02,not_ready
85,94,136,207,27.93,78.12,not_ready
175,152,246,276,31.65,61.7,ready
188,202,190,347,30.93,81.04,not_ready
98,102,127,208,28.3,80.16,not_ready
121,95,190,255,33.18,64.31,nearly_ready
121,83,181,263,33.61,63.33,nearly_ready
70,69,135,214,28.84,71.88,not_ready
192,212,299,316,31.6,82.6,not_ready
88,112,172,213,27.95,85.77,not_ready
180,175,228,262,31.24,79.57,approaching
92,104,188,260,31.09,74.19,nearly_ready
128,116,166,240,29.37,67.65,approaching
217,216,205,363,34.48,76.48,not_ready
52,74,111,197,29.57,70.04,not_ready
140,147,222,249,31.95,55.55,ready
116,167,232,260,34.96,65.81,approaching
177,199,287,275,33.27,82.78,not_ready
163,160,258,285,30.49,69.45,ready
128,117,224,274,29.71,69.31,nearly_ready
125,136,207,236,32.58,65.73,ready
82,110,168,212,28.73,77.82,not_ready
152,156,229,310,34.85,51.34,ready
157,162,261,280,29.74,65.99,ready
189,122,269,259,34.35,81.11,approaching
126,193,269,379,34.96,62.66,not_ready
90,85,119,199,27.74,81.28,not_ready
145,141,246,272,32.52,62.47,ready
146,169,224,313,34.45,50.64,ready
171,199,257,289,38.44,59.53,approaching
79,81,145,218,28.06,77.72,not_ready
109,127,191,266,32.62,70.15,nearly_ready
159,182,244,276,31.06,61.29,ready
164,156,233,272,32.2,64.66,ready
151,139,241,272,32.71,61.72,ready
149,160,226,302,34.44,49.94,ready
163,168,212,262,29.41,75.14,ready
96,89,134,213,28.4,79.25,not_ready
165,161,211,246,32.31,80.75,approaching
49,72,117,203,28.79,71.28,not_ready
197,142,276,309,37.42,86.09,not_ready
51,73,103,197,28.58,71.06,not_ready
122,86,145,180,27.24,77.8,approaching
122,116,171,257,29.53,67.97,nearly_ready
69,119,172,211,28.87,74.98,approaching
136,141,213,253,30.92,56.01,nearly_ready
65,76,119,194,28.96,72.95,not_ready
112,112,178,235,30.54,71.81,approaching
177,101,251,246,33.53,80.55,approaching
53,72,110,203,28.9,72.11,not_ready
87,109,160,211,28.8,76.91,not_ready
227,212,296,374,28.44,80.69,approaching
149,144,217,248,32.09,59.05,nearly_ready
152,183,254,292,37.51,65.32,approaching
146,148,253,287,30.29,60.39,ready
112,88,179,252,32.91,64.64,approaching
141,183,245,283,32.37,89.12,approaching
132,104,196,238,31.59,66.46,nearly_ready
194,166,301,286,28.29,73.31,nearly_ready
105,111,173,206,31.15,69.7,approaching
134,117,167,254,29.14,70.04,approaching
137,171,245,252,36.21,73.43,approaching
159,190,254,287,31.48,92.7,approaching
90,84,122,205,27.69,81.34,not_ready
155,158,228,270,33.76,59.88,nearly_ready
82,84,163,203,27.94,78.83,not_ready
118,101,169,235,32.76,59.13,nearly_ready
153,199,282,337,31.35,94.61,approaching
51,72,113,202,28.61,71.47,not_ready
149,132,228,269,34.89,54.23,nearly_ready
173,199,261,302,32.17,77.61,approaching
81,114,163,207,28.81,73.52,not_ready
142,140,219,252,32.09,57.55,nearly_ready
81,108,166,203,29.11,72.8,not_ready
133,155,212,297,33.8,51.72,ready
120,93,192,275,33.22,65.13,nearly_ready
155,162,217,308,34.75,50.82,nearly_ready
154,160,209,298,29.87,86.04,nearly_ready
138,119,207,219,34.09,64.29,approaching
84,110,166,195,28.19,82.67,not_ready
125,129,212,242,30.98,61.79,nearly_ready
145,155,239,265,32.58,54.37,nearly_ready
154,150,218,302,33.75,50.98,ready
143,152,233,265,31.68,55.91,ready
108,115,192,260,31.12,77.48,nearly_ready
134,105,188,220,31.85,67.27,approaching
110,108,176,235,31.03,67.54,approaching
93,98,161,223,31.62,65.65,approaching
103,98,142,216,27.1,81.97,not_ready
213,235,274,376,32.86,73.28,approaching
167,141,239,270,30.64,61.14,ready
160,151,215,282,30.43,75.46,ready
158,187,250,278,32.58,59.12,ready
132,115,206,260,31.35,67.88,nearly_ready
147,151,226,260,32.75,53.2,nearly_ready
127,103,178,217,33.89,58.06,approaching
82,112,169,253,30.57,67.23,approaching
125,169,230,278,32.3,85.73,nearly_ready
149,146,232,305,32.92,72.19,nearly_ready
175,148,247,288,29.41,66.92,ready
160,169,220,301,30.58,84.59,nearly_ready
141,135,232,256,29.49,59.08,ready
124,102,179,210,32.69,66.63,approaching
171,140,241,271,30.15,63.94,ready
128,123,163,251,29.55,68.38,nearly_ready
133,110,166,236,34.86,56.81,approaching
173,203,265,278,33.5,59.94,ready
102,127,184,253,32.31,69.68,nearly_ready
165,192,255,301,30.23,64.59,ready
74,102,144,203,28.52,81.83,not_ready
172,205,303,271,34.07,79.0,not_ready
151,162,232,303,34.34,52.02,ready
89,111,164,207,26.96,85.4,not_ready
157,133,211,263,31.19,62.78,ready
147,135,242,265,33.47,63.09,nearly_ready
78,105,152,199,28.47,73.13,not_ready
63,77,141,212,29.31,70.43,not_ready
154,141,239,258,34.73,55.08,nearly_ready
167,147,237,258,31.49,64.32,ready
147,149,254,270,31.17,60.4,ready
147,131,224,258,34.57,54.75,nearly_ready
122,159,217,278,31.42,84.96,nearly_ready
86,126,164,249,30.69,65.67,approaching
197,228,276,356,31.98,73.0,approaching
86,118,175,248,31.39,64.68,approaching
159,149,222,285,34.77,57.83,nearly_ready
210,93,260,238,37.11,78.22,not_ready
116,82,182,251,32.91,67.33,nearly_ready
81,112,175,206,27.96,85.21,not_ready
82,112,172,197,28.99,74.58,not_ready
163,154,249,263,31.88,64.24,ready
161,135,238,256,31.98,62.54,ready
87,104,139,213,27.8,77.89,not_ready
102,112,183,266,31.72,72.45,approaching
84,111,168,251,30.02,67.33,approaching
130,151,222,238,32.47,68.16,ready
128,95,182,201,31.44,69.96,approaching
168,143,234,249,31.92,60.35,ready
82,80,151,217,29.97,69.21,approaching
154,132,196,284,31.67,70.13,ready
198,212,294,354,32.47,72.28,approaching
96,118,170,217,27.23,86.57,not_ready
171,141,251,280,30.54,61.7,ready
226,201,276,371,28.94,81.16,approaching
155,187,251,277,30.51,61.16,ready
127,100,197,237,31.58,66.14,approaching
130,147,218,241,32.31,67.02,ready
137,144,206,244,33.88,63.77,nearly_ready
118,82,145,173,26.75,77.47,not_ready
147,156,233,266,32.85,53.32,nearly_ready
139,125,208,280,31.15,70.34,nearly_ready
164,146,210,305,30.59,76.28,ready
83,65,154,165,31.74,67.49,not_ready
188,152,242,304,36.3,62.49,approaching
161,155,242,262,31.3,67.26,ready
78,103,178,192,28.95,76.2,not_ready
200,169,313,302,26.91,77.64,approaching
152,160,231,308,34.31,52.42,ready
202,216,208,374,32.78,80.52,not_ready
123,103,180,226,31.86,67.2,nearly_ready
98,100,133,213,28.86,79.73,not_ready
146,151,219,300,34.05,53.07,ready
142,125,221,246,33.99,56.69,nearly_ready
174,190,284,281,32.18,84.39,not_ready
102,88,123,211,27.57,81.42,not_ready
198,157,245,319,37.92,59.11,approaching
154,145,228,266,33.45,57.06,nearly_ready
135,192,248,357,33.63,66.11,approaching
163,183,248,281,30.23,67.35,ready
146,144,222,259,33.56,58.52,nearly_ready
161,187,237,261,31.69,60.25,ready
164,186,257,279,30.84,63.66,ready
83,111,165,199,28.81,72.81,not_ready
199,120,269,272,31.74,83.71,not_ready
157,119,230,284,33.49,54.67,nearly_ready
205,191,195,359,32.56,81.1,not_ready
134,110,164,228,33.24,61.66,approaching
123,178,237,261,35.74,61.49,not_ready
157,183,238,275,30.33,62.88,ready
97,107,184,223,30.89,67.51,approaching
145,121,218,287,30.69,75.22,nearly_ready
90,93,127,216,29.05,76.14,not_ready
122,127,203,233,34.9,67.24,approaching
144,141,228,249,31.33,55.2,ready
195,159,231,327,37.32,61.06,approaching
124,176,242,280,35.33,63.36,approaching
96,115,167,213,27.45,85.39,not_ready
148,187,289,355,30.61,93.6,approaching
166,202,286,363,30.51,94.83,approaching
151,159,235,271,32.23,57.27,ready
97,131,187,261,33.35,63.8,approaching
187,198,302,284,33.66,87.75,not_ready
153,139,229,240,34.59,55.79,nearly_ready
106,114,188,230,31.55,68.74,approaching
235,217,308,365,32.75,74.51,not_ready
202,158,299,287,26.67,73.89,approaching
164,189,251,294,29.81,67.1,ready
135,111,189,239,31.6,67.75,nearly_ready
86,88,150,179,30.42,70.97,not_ready
148,146,245,279,30.14,62.61,ready
109,81,147,184,27.51,76.46,not_ready
119,110,156,244,29.69,64.99,approaching
147,141,198,283,31.36,70.29,nearly_ready
116,78,141,189,27.39,78.93,not_ready
140,125,210,231,33.5,56.5,nearly_ready
109,110,179,255,31.54,71.02,nearly_ready
70,82,147,201,30.06,69.67,approaching
199,131,258,274,34.09,86.26,not_ready
135,130,237,294,29.57,70.47,nearly_ready
140,152,222,253,31.57,56.51,nearly_ready
139,143,277,334,30.52,94.48,approaching
149,132,255,296,29.38,72.2,nearly_ready
168,157,243,275,31.06,65.48,ready
124,107,166,243,29.68,66.5,nearly_ready
171,152,244,261,31.31,65.94,ready
116,98,175,238,32.95,59.22,approaching
132,142,208,257,32.48,65.37,ready
205,216,266,302,33.71,92.63,not_ready
113,160,216,263,32.73,82.0,nearly_ready
148,122,232,276,29.99,66.85,nearly_ready
213,174,304,289,28.5,71.79,nearly_ready
151,128,218,242,31.3,63.06,ready
162,134,240,261,29.1,66.11,ready
150,158,220,313,34.88,51.31,nearly_ready
127,149,222,263,33.71,62.65,nearly_ready
148,137,240,264,32.34,64.77,ready
185,102,253,243,34.23,75.6,approaching
109,111,171,234,31.51,68.25,approaching
153,180,245,345,29.98,94.32,approaching
149,135,226,292,31.81,77.11,ready
143,140,215,251,32.57,57.96,nearly_ready
184,146,259,281,33.82,48.35,nearly_ready
159,156,262,285,31.51,61.61,ready
152,163,225,295,34.75,50.58,ready
62,76,112,212,28.54,74.46,not_ready
196,207,239,295,31.07,87.06,approaching
124,95,178,231,32.03,63.94,approaching
140,125,231,282,29.99,70.86,nearly_ready
148,129,228,268,34.92,54.49,approaching
81,79,149,221,27.69,76.55,not_ready
160,186,244,284,29.39,68.13,ready
149,159,237,258,33.33,54.96,nearly_ready
65,76,138,207,29.24,69.98,not_ready
148,135,218,243,30.1,66.99,nearly_ready
162,142,220,264,31.76,59.8,ready
91,113,177,204,28.54,75.79,not_ready
166,162,261,282,30.7,66.14,ready
167,197,248,302,31.07,64.24,ready
159,158,257,288,30.42,70.01,ready
113,83,182,267,33.48,62.77,nearly_ready
102,129,185,256,31.42,77.87,nearly_ready
78,106,164,222,28.87,74.98,not_ready
144,133,227,240,35.24,55.9,approaching
131,186,249,280,34.94,55.51,approaching
79,115,152,200,28.87,72.37,not_ready
183,102,246,243,35.62,74.75,not_ready
95,99,120,203,29.19,77.77,not_ready
157,147,218,292,31.31,75.65,ready
89,115,167,207,27.55,84.22,not_ready
245,219,314,341,31.84,78.71,approaching
153,152,244,280,28.45,93.98,approaching
133,122,277,297,32.44,65.25,approaching
148,139,238,262,31.91,63.81,ready
133,122,209,271,30.72,71.13,nearly_ready
99,98,125,225,27.19,79.31,not_ready
149,151,228,270,32.94,53.22,nearly_ready
218,210,216,356,31.9,81.31,approaching
91,99,132,199,27.92,79.27,not_ready
102,95,198,253,31.15,74.54,not_ready
87,103,156,210,28.69,77.62,not_ready
149,158,244,267,32.37,55.86,ready
161,197,256,288,31.04,66.4,ready
121,122,196,237,32.91,70.56,approaching
86,118,176,208,29.43,75.07,not_ready
107,119,174,238,31.06,72.14,approaching
144,159,224,304,35.04,51.65,nearly_ready
102,71,145,183,27.83,73.99,not_ready
152,143,223,258,33.29,57.11,nearly_ready
142,166,223,250,30.71,62.88,ready
206,189,188,338,32.24,79.97,approaching
192,211,309,293,32.19,88.94,not_ready
95,107,172,216,31.51,65.34,approaching
157,190,239,263,31.27,60.62,ready
189,184,320,326,31.5,78.05,approaching
127,98,178,270,34.18,62.82,approaching
160,137,241,271,30.55,59.75,ready
126,112,164,236,28.84,69.33,approaching
178,199,294,298,32.03,88.36,not_ready
135,175,217,280,34.28,66.8,approaching
148,193,269,314,35.32,66.31,not_ready
44,74,109,208,29.09,71.06,not_ready
128,119,232,276,30.17,68.74,nearly_ready
152,136,224,261,35.69,52.23,approaching
199,203,204,371,36.07,74.14,not_ready
132,125,227,275,30.01,68.65,ready
132,129,227,305,33.09,94.55,approaching
83,111,160,200,28.41,75.17,not_ready
184,190,262,310,32.45,73.79,approaching
140,115,231,291,29.97,70.53,nearly_ready
159,155,260,288,30.58,69.97,ready
115,83,157,177,27.45,78.75,not_ready
164,180,243,267,31.9,59.94,ready
141,110,293,273,32.29,71.77,approaching
128,109,177,241,34.18,61.02,approaching
121,117,206,288,32.69,86.98,nearly_ready
130,92,183,234,32.02,66.16,nearly_ready
207,140,277,276,33.32,84.81,not_ready
140,170,232,261,30.21,60.55,ready
122,85,158,206,27.54,79.91,approaching
153,139,235,260,34.06,58.22,nearly_ready
119,91,191,281,34.64,62.08,approaching
130,149,232,247,33.57,63.94,nearly_ready
100,93,132,215,28.21,81.0,not_ready
155,128,288,285,35.89,73.05,not_ready
155,158,238,328,36.1,60.81,approaching
222,140,296,288,37.34,71.66,not_ready
108,117,202,256,32.96,72.51,nearly_ready
60,73,129,197,29.59,74.34,not_ready
123,111,158,235,29.57,63.75,nearly_ready
202,214,284,296,35.43,70.9,not_ready
97,93,159,176,30.54,72.27,not_ready
112,114,181,235,32.89,66.14,approaching
52,74,108,184,28.78,71.53,not_ready
186,197,184,332,32.49,80.58,not_ready
99,109,159,223,30.42,62.46,approaching
87,113,167,213,28.59,75.18,not_ready
152,133,250,298,28.74,71.31,nearly_ready
138,103,180,209,32.97,67.01,approaching
91,97,142,210,28.05,77.28,not_ready
123,88,144,189,27.97,78.0,approaching
152,190,251,317,36.51,73.83,not_ready
60,60,128,202,29.1,70.92,not_ready
167,175,292,329,38.19,60.47,approaching
145,121,204,236,34.21,64.28,approaching
150,199,296,355,37.86,60.84,approaching
147,150,248,274,31.21,60.66,ready
87,117,174,222,28.7,76.19,not_ready
129,147,209,243,32.5,66.86,ready
177,146,254,271,33.35,49.3,ready
145,125,241,282,30.01,67.4,ready
83,77,119,214,28.65,77.13,not_ready
129,124,222,288,29.37,73.23,nearly_ready
67,94,131,206,27.57,77.49,approaching
94,91,160,175,30.77,71.68,not_ready
180,198,190,343,33.17,75.83,not_ready
178,143,238,268,34.17,50.82,nearly_ready
147,140,249,263,31.08,67.49,ready
139,107,191,221,32.72,67.87,approaching
88,97,119,204,28.46,74.68,not_ready
100,120,171,219,27.55,79.36,not_ready
134,119,169,254,29.96,66.4,approaching
120,88,179,231,31.15,70.03,approaching
158,184,242,272,31.02,61.16,ready
193,220,276,356,32.17,71.75,approaching
129,100,171,233,34.44,58.3,approaching
145,130,213,293,31.36,74.21,ready
109,124,189,224,33.28,70.07,nearly_ready
148,151,239,266,31.06,61.38,ready
138,121,238,288,29.26,72.9,nearly_ready
86,115,184,207,28.16,76.92,not_ready
145,146,199,288,30.29,72.88,nearly_ready
91,86,130,211,28.54,77.72,not_ready
128,124,210,297,32.47,88.48,approaching
133,158,223,236,33.12,65.47,nearly_ready
126,87,148,185,27.92,78.91,approaching
146,125,228,283,32.03,71.33,nearly_ready
119,126,182,221,34.2,67.41,approaching
160,148,207,253,32.26,77.64,nearly_ready
144,169,231,267,34.84,66.72,nearly_ready
167,191,250,292,30.99,62.06,ready
129,166,224,282,31.5,85.78,nearly_ready
75,87,155,211,29.91,71.94,approaching
145,202,263,300,34.49,65.69,not_ready
76,113,190,206,27.48,75.79,not_ready
170,145,228,265,31.48,61.71,ready
82,109,165,208,27.41,84.34,not_ready
65,79,165,207,28.61,76.7,not_ready
82,109,174,197,27.79,83.61,not_ready
96,85,158,166,30.45,73.5,not_ready
94,127,191,263,33.23,63.18,approaching
190,194,180,345,35.19,76.47,not_ready
58,70,106,186,28.6,69.95,not_ready
148,153,224,262,33.48,55.71,nearly_ready
222,237,286,370,33.03,72.72,approaching
120,108,148,241,29.76,63.48,nearly_ready
157,150,241,265,31.9,61.91,ready
153,130,216,235,31.54,63.08,ready
146,130,181,260,28.63,70.65,nearly_ready
209,201,196,362,34.59,83.81,not_ready
89,121,158,221,28.07,79.06,not_ready
63,76,157,212,29.23,74.65,approaching
155,142,222,254,33.32,61.3,nearly_ready
152,144,243,272,32.32,61.65,ready
72,73,151,209,27.75,76.43,not_ready
165,160,261,296,29.87,66.78,ready
148,153,230,256,31.97,54.18,nearly_ready
129,159,208,269,32.51,81.19,nearly_ready
202,88,259,277,34.31,78.32,approaching
184,142,250,282,33.37,48.01,ready
219,243,280,377,31.42,67.82,approaching
92,96,168,205,31.57,64.5,approaching
102,95,138,223,28.51,81.52,not_ready
169,141,254,269,32.69,50.47,ready
189,201,232,287,34.33,76.47,not_ready
144,125,200,241,33.54,57.35,nearly_ready
81,117,184,198,28.24,76.9,not_ready
168,194,263,300,29.91,67.35,ready
148,178,254,295,38.48,70.63,approaching
142,143,270,307,31.12,88.36,approaching
61,79,123,214,28.0,77.63,not_ready
140,140,214,251,32.64,58.61,nearly_ready
130,183,235,281,31.78,66.62,nearly_ready
166,136,246,273,30.25,64.58,ready
96,108,132,210,29.24,75.95,not_ready
152,132,200,285,31.65,67.0,ready
179,139,242,279,32.91,51.01,ready
99,126,189,265,32.93,63.49,approaching
136,143,230,263,32.71,66.32,nearly_ready
149,150,228,257,32.6,52.64,nearly_ready
144,139,208,285,30.81,68.9,ready
189,190,194,341,31.55,82.1,not_ready
141,148,259,277,30.64,59.96,ready
132,121,197,276,31.54,69.14,ready
119,78,173,268,33.11,63.62,nearly_ready
57,71,105,182,28.61,71.46,not_ready
181,146,312,321,37.87,58.11,not_ready
138,120,218,268,30.09,69.99,nearly_ready
129,108,185,206,33.81,65.89,approaching
186,141,243,318,37.38,61.28,approaching
99,87,122,216,28.05,77.83,not_ready
116,138,203,231,33.01,64.77,nearly_ready
135,161,238,250,33.92,67.42,nearly_ready
143,124,231,282,29.44,73.45,nearly_ready
187,149,239,303,36.27,63.3,approaching
101,92,114,224,27.28,81.82,not_ready
145,150,229,258,31.67,55.23,ready
79,107,180,206,28.45,77.11,not_ready
184,205,291,309,33.68,74.55,not_ready
154,187,250,282,30.97,63.09,ready
129,147,203,254,33.83,63.15,nearly_ready
84,103,149,228,30.82,59.56,approaching
139,116,233,280,29.43,73.37,nearly_ready
140,124,206,253,33.92,56.75,nearly_ready
158,161,253,337,37.07,57.71,approaching
94,111,163,205,27.06,85.21,not_ready
162,155,244,275,30.62,71.36,ready
160,151,250,256,31.95,65.32,ready
157,151,245,263,31.23,68.41,ready
147,150,232,246,32.38,52.69,nearly_ready
92,112,175,214,26.97,86.64,not_ready
161,149,236,268,30.15,61.96,ready
78,121,178,248,31.09,64.74,approaching
91,93,126,207,28.39,78.36,not_ready
82,79,157,180,31.6,67.74,not_ready
126,154,222,282,31.64,85.63,nearly_ready
105,79,135,184,27.26,76.41,not_ready
130,115,221,284,29.48,70.58,nearly_ready
134,149,233,256,33.84,64.12,nearly_ready
58,78,121,198,29.35,74.98,not_ready
183,209,274,316,31.95,76.01,approaching
150,129,302,277,36.16,72.83,not_ready
108,111,179,226,31.16,72.23,approaching
87,109,158,223,28.36,77.42,not_ready
98,89,168,185,31.3,74.28,not_ready
205,183,316,315,27.74,71.51,approaching
131,105,288,265,33.27,67.16,approaching
138,105,203,219,33.23,66.8,approaching
44,73,103,193,28.54,71.57,not_ready
102,70,133,161,28.03,73.55,not_ready
150,142,246,297,29.02,70.72,ready
88,88,130,211,28.53,79.11,not_ready
145,130,224,232,33.37,59.79,nearly_ready
215,235,295,327,32.58,76.05,approaching
146,164,243,267,34.87,61.96,nearly_ready
101,120,165,233,29.26,75.0,not_ready
144,148,197,282,30.33,72.85,ready
148,119,209,268,30.36,70.29,ready
92,82,153,177,31.15,69.72,not_ready
91,83,159,182,30.93,66.41,not_ready
95,120,179,259,31.83,64.36,approaching
137,121,173,262,28.95,68.67,nearly_ready
189,177,232,302,38.03,58.76,approaching
120,143,208,234,33.27,65.96,nearly_ready
175,158,250,291,29.56,65.95,ready
49,72,107,201,28.58,70.02,not_ready
193,206,297,310,32.42,77.44,approaching
150,140,232,258,31.67,65.62,ready
150,150,273,333,30.84,93.12,approaching
81,73,158,215,31.02,69.71,approaching
159,182,242,268,30.63,60.14,ready
174,191,253,274,33.48,57.75,ready
166,151,241,278,27.75,93.98,approaching
130,119,206,280,31.1,67.81,ready
161,185,242,286,30.69,63.72,ready
171,161,254,278,27.71,93.77,approaching
137,103,239,331,29.69,77.8,nearly_ready
137,118,237,288,29.4,72.5,nearly_ready
81,113,180,202,27.94,75.81,not_ready
134,96,190,239,31.0,73.05,approaching
171,137,237,286,30.19,63.61,ready
127,121,156,254,29.8,66.79,nearly_ready
90,89,122,213,28.23,76.69,not_ready
132,113,197,249,31.04,71.46,nearly_ready
93,108,162,210,27.82,84.78,not_ready
170,134,228,255,31.55,54.35,ready
126,91,164,185,28.74,77.28,not_ready
90,91,125,215,27.58,82.37,not_ready
152,182,253,292,29.8,64.93,ready
120,166,214,261,32.0,81.94,nearly_ready
135,110,189,211,31.93,67.7,nearly_ready
117,91,192,254,33.33,64.15,nearly_ready
179,196,293,293,32.21,85.38,not_ready
129,151,229,250,33.34,63.96,nearly_ready
147,135,212,276,31.33,73.0,nearly_ready
118,165,226,275,32.13,83.75,nearly_ready
134,159,238,238,33.21,66.76,nearly_ready
147,131,230,252,34.61,54.88,nearly_ready
212,139,287,264,36.83,72.93,not_ready
179,199,267,297,30.23,66.53,ready
49,78,113,204,29.37,71.17,not_ready
206,188,306,290,28.61,76.63,approaching
121,143,213,225,33.19,65.55,nearly_ready
197,193,197,362,33.19,77.63,not_ready
145,143,244,273,30.41,59.83,ready
125,159,234,233,33.97,63.6,nearly_ready
194,184,196,341,33.05,76.34,not_ready
131,184,255,298,38.35,70.43,approaching
196,113,266,282,35.11,78.28,not_ready
160,158,238,267,32.11,64.69,ready
120,100,181,233,31.6,67.54,nearly_ready
95,90,131,217,27.64,81.96,not_ready
150,139,235,264,32.32,63.14,ready
103,111,191,255,31.97,74.15,nearly_ready
142,129,220,250,34.13,56.14,nearly_ready
80,118,186,196,29.23,75.75,not_ready
133,117,227,286,30.26,67.95,nearly_ready
159,190,257,290,31.18,63.15,ready
135,123,176,265,29.38,72.2,nearly_ready
175,157,250,263,32.0,59.19,ready
186,189,225,251,31.18,79.64,approaching
141,166,222,266,33.68,68.17,nearly_ready
162,140,246,283,30.04,64.88,ready
172,140,245,282,30.27,64.62,ready
146,178,242,277,30.32,60.65,ready
147,137,200,285,31.23,71.49,ready
170,144,253,274,33.59,50.49,ready
75,101,163,199,28.47,83.45,not_ready
206,173,307,293,28.17,74.25,approaching
141,176,247,284,36.76,73.49,approaching
103,136,188,268,31.48,63.59,approaching
142,181,244,285,30.4,61.68,ready
106,109,170,253,31.32,70.54,nearly_ready
150,149,195,295,30.7,72.1,nearly_ready
138,132,213,241,34.11,55.47,nearly_ready
149,134,185,258,28.21,68.76,nearly_ready
202,227,301,301,33.85,73.69,not_ready
131,117,225,275,29.71,70.4,nearly_ready
142,158,240,259,34.75,64.1,nearly_ready
101,83,118,218,28.06,79.84,not_ready
233,206,300,375,31.89,79.86,approaching
127,95,193,294,34.05,62.53,approaching
120,155,218,273,32.15,80.84,nearly_ready
141,128,222,243,34.53,55.33,nearly_ready
154,150,214,300,30.79,69.89,ready
120,87,184,247,33.85,64.29,nearly_ready
133,124,204,309,32.56,91.12,approaching
180,210,273,316,32.53,72.39,approaching
127,174,214,254,32.68,82.27,nearly_ready
184,148,269,265,34.22,49.94,nearly_ready
164,189,252,295,31.01,67.6,ready
90,83,158,157,30.69,70.19,not_ready
166,154,253,272,31.45,67.16,ready
225,216,292,378,28.57,81.71,approaching
49,69,113,197,28.89,72.7,not_ready
89,113,178,209,27.84,77.64,not_ready
171,157,249,272,30.91,70.38,ready
153,147,250,266,32.71,60.39,ready
79,84,159,217,29.16,72.42,approaching
102,78,147,166,27.89,73.36,not_ready
161,170,229,267,31.07,81.74,nearly_ready
117,79,176,260,33.16,65.65,nearly_ready
131,118,222,280,29.74,72.74,nearly_ready
86,113,161,212,28.02,75.96,not_ready
98,109,155,229,29.4,63.99,approaching
83,103,158,205,27.45,84.33,not_ready
149,136,208,282,31.0,71.31,ready
195,217,308,307,35.14,84.52,not_ready
114,115,188,227,32.55,69.59,approaching
79,110,179,205,28.02,76.33,not_ready
208,119,281,297,34.12,86.64,not_ready
180,227,302,335,31.56,78.85,approaching
155,149,254,283,30.51,64.5,ready
118,87,154,193,28.06,78.35,not_ready
173,174,223,306,30.83,88.3,approaching
190,163,237,286,37.07,58.45,approaching
159,185,244,289,30.28,63.84,ready
84,76,156,172,32.06,69.66,not_ready
94,115,186,245,29.68,68.48,approaching
149,141,211,253,32.33,58.26,nearly_ready
139,122,233,237,30.68,64.94,nearly_ready
126,104,166,230,33.99,58.56,approaching
146,139,229,247,31.59,63.96,ready
148,173,253,283,36.91,72.99,approaching
140,149,260,309,30.63,93.94,approaching
98,91,121,213,28.05,81.85,not_ready
165,185,243,269,31.84,62.1,ready
161,191,258,295,38.46,60.0,approaching
187,150,294,263,27.54,72.39,approaching
137,128,302,285,36.6,73.12,not_ready
161,150,225,256,33.4,56.54,nearly_ready
134,152,213,252,32.57,67.75,ready
126,175,231,263,33.33,70.26,approaching
140,127,245,280,36.81,58.83,not_ready
133,99,192,248,31.42,68.98,approaching
149,155,236,253,32.73,53.66,nearly_ready
55,62,111,199,28.51,71.61,not_ready
145,155,233,262,31.2,59.16,ready
175,188,283,276,32.26,83.77,not_ready
101,115,181,258,31.54,72.21,nearly_ready
132,101,195,253,31.26,73.65,approaching
119,88,190,284,33.95,63.01,nearly_ready
159,189,257,291,31.16,61.77,ready
152,126,225,242,33.95,55.96,nearly_ready
139,125,310,283,34.05,60.39,approaching
147,159,219,301,34.74,51.61,ready
138,119,238,267,29.74,71.73,nearly_ready
206,219,265,359,32.27,71.44,approaching
143,113,232,296,29.74,69.88,nearly_ready
149,137,247,276,32.2,62.68,ready
161,154,240,270,30.59,71.51,ready
168,144,252,278,29.41,67.02,ready
120,83,157,191,27.54,78.23,not_ready
152,165,238,261,35.17,63.4,nearly_ready
108,106,138,228,27.82,77.64,not_ready
161,181,228,278,37.83,62.7,approaching
174,146,250,283,34.2,50.64,nearly_ready
121,94,185,240,32.21,76.39,approaching
130,154,216,246,34.17,63.58,nearly_ready
175,145,251,292,28.92,69.23,ready
232,213,307,340,31.67,77.41,not_ready
187,107,259,238,33.96,80.72,approaching
156,180,240,261,31.32,61.08,ready
84,114,171,214,28.95,75.9,not_ready
152,147,205,279,30.76,74.22,ready
164,173,242,256,31.74,61.06,ready
132,153,219,236,34.07,63.5,nearly_ready
98,160,209,258,35.47,60.83,approaching
90,100,135,210,28.26,79.24,not_ready
138,146,227,242,33.93,63.54,nearly_ready
138,132,240,290,29.61,73.2,ready
232,207,305,333,31.68,77.48,not_ready
89,87,123,203,28.23,78.02,not_ready
78,77,118,191,29.09,72.39,not_ready
90,119,165,223,28.06,76.41,not_ready
210,216,309,325,35.63,87.8,not_ready
129,120,153,253,29.36,67.83,nearly_ready
146,136,225,251,30.37,67.55,ready
83,109,166,212,28.36,77.82,not_ready
123,182,283,269,37.88,75.06,approaching
172,168,213,267,31.95,80.45,approaching
185,183,228,264,32.89,75.42,approaching
158,184,249,262,31.53,57.98,ready
133,180,222,283,31.68,90.07,approaching
59,74,126,211,27.72,74.77,not_ready
145,148,218,256,31.95,58.95,nearly_ready
92,121,171,237,30.07,66.15,nearly_ready
143,141,213,249,32.5,57.52,nearly_ready
201,199,241,276,31.46,89.84,not_ready
113,117,179,227,33.08,69.61,nearly_ready
183,195,195,348,32.39,87.94,not_ready
120,104,270,260,33.1,64.47,approaching
119,77,156,185,26.62,80.13,not_ready
129,112,195,236,31.75,67.46,nearly_ready
144,119,207,281,30.91,68.9,nearly_ready
150,149,229,262,33.34,55.17,nearly_ready
154,150,232,274,33.99,56.22,nearly_ready
134,170,248,252,37.48,72.6,approaching
87,119,178,264,31.13,65.5,approaching
140,153,251,267,30.39,60.11,ready
134,129,183,276,31.11,67.98,ready
106,111,192,262,32.98,73.11,nearly_ready
165,166,229,314,30.52,85.48,nearly_ready
139,148,242,265,30.89,58.28,ready
152,133,217,249,31.24,62.26,ready
153,158,238,263,33.13,53.42,nearly_ready
140,121,219,277,31.13,66.54,nearly_ready
144,138,222,261,28.78,87.36,nearly_ready
141,127,247,279,29.89,67.98,ready
123,151,221,257,34.42,63.4,nearly_ready
105,106,174,235,31.64,66.9,approaching
166,116,236,241,31.8,55.31,nearly_ready
81,111,172,203,27.55,84.33,not_ready
85,125,180,251,30.71,65.33,approaching
146,128,218,274,31.22,70.45,ready
83,118,171,208,28.84,77.84,not_ready
200,231,279,357,31.6,74.0,approaching
121,125,180,236,33.67,70.06,nearly_ready
147,181,275,349,31.27,92.07,approaching
144,146,220,250,31.93,58.71,nearly_ready
121,95,189,225,31.73,66.11,nearly_ready
161,148,238,250,32.67,60.91,ready
111,72,140,174,27.69,75.53,not_ready
97,95,123,214,27.47,78.98,not_ready
198,184,247,297,38.49,54.41,approaching
155,124,218,232,30.95,61.64,ready
146,127,218,277,30.94,75.12,ready
96,91,166,183,30.83,70.57,not_ready
171,149,250,272,30.86,69.8,ready
139,161,235,252,33.77,68.62,nearly_ready
89,113,167,240,29.95,63.85,approaching
179,150,258,277,34.09,49.48,ready
103,107,132,220,28.63,80.32,not_ready
58,79,115,206,29.96,71.53,not_ready
164,195,279,365,31.86,91.7,approaching
143,120,217,280,30.69,73.47,ready
129,198,234,357,33.63,64.62,approaching
133,112,178,215,33.1,66.54,approaching
82,116,190,198,28.06,78.54,not_ready
176,140,247,258,29.1,68.18,ready
143,127,231,241,33.16,59.07,nearly_ready
153,151,201,276,30.0,72.4,ready
166,145,243,263,32.74,63.73,ready
169,155,240,265,32.14,59.8,ready
190,118,272,263,33.68,81.44,not_ready
148,160,228,303,34.6,51.16,nearly_ready
145,117,201,238,33.43,57.55,nearly_ready
135,192,250,294,36.62,70.09,not_ready
151,180,239,280,30.69,60.51,ready
91,92,118,214,28.18,77.63,not_ready
138,127,180,274,31.16,68.24,ready
168,131,226,253,31.91,64.83,ready
186,182,165,343,32.94,73.97,not_ready
227,238,290,360,32.35,74.04,approaching
96,103,180,202,32.34,71.7,approaching
155,183,234,283,37.4,63.66,approaching
170,196,255,288,32.8,62.0,ready
84,111,166,217,28.35,77.56,not_ready
204,228,279,366,31.56,73.39,approaching
125,102,186,210,32.19,66.65,nearly_ready
138,163,234,252,33.53,68.99,nearly_ready
102,93,127,222,27.7,79.98,not_ready
196,185,233,296,34.33,87.28,not_ready
164,197,261,296,31.38,62.88,ready
71,89,135,212,28.66,70.47,not_ready
138,150,225,260,31.96,54.52,nearly_ready
214,203,247,288,33.29,89.83,not_ready
128,108,225,278,29.93,68.69,nearly_ready
175,144,241,264,31.87,61.2,ready
146,126,290,295,32.07,67.21,nearly_ready
151,138,243,269,32.33,62.45,ready
239,207,309,377,30.96,78.17,approaching
147,145,198,281,30.54,72.81,ready
190,94,255,232,33.58,78.71,approaching
174,140,244,277,29.89,66.4,ready
68,75,145,214,29.62,71.83,not_ready
147,173,228,336,30.25,92.51,approaching
81,105,160,225,30.06,62.65,approaching
141,131,242,284,30.0,71.39,nearly_ready
125,188,244,350,32.88,68.47,approaching
78,105,165,216,28.52,83.53,not_ready
187,163,234,303,37.47,58.68,approaching
143,199,267,283,36.0,70.57,not_ready
124,150,222,242,33.23,65.79,nearly_ready
182,210,282,306,31.83,79.82,approaching
155,143,209,297,31.58,70.52,ready
139,123,180,258,28.57,68.95,nearly_ready
146,149,227,265,32.74,53.42,nearly_ready
141,142,256,271,30.75,60.03,ready
136,188,251,365,35.05,60.1,not_ready
150,140,221,267,33.27,56.41,nearly_ready
80,108,148,228,30.34,61.86,approaching
115,158,223,252,35.31,59.47,approaching
86,114,159,209,27.52,85.24,not_ready
180,213,265,312,31.82,79.17,approaching
155,128,294,281,36.16,54.06,not_ready
154,135,238,260,31.52,63.93,ready
144,152,234,254,31.53,60.49,ready
107,113,191,265,32.13,76.64,nearly_ready
114,115,183,222,32.25,72.09,approaching
203,200,317,356,31.66,79.84,approaching
97,77,152,162,31.2,66.19,not_ready
178,182,285,277,33.03,81.4,not_ready
121,151,211,250,33.35,64.2,nearly_ready
112,116,191,231,30.97,70.72,approaching
133,170,220,292,32.3,90.67,approaching
119,92,189,255,33.36,64.2,nearly_ready
141,125,203,239,33.46,56.74,nearly_ready
164,189,253,297,30.96,64.24,ready
118,100,194,231,32.39,65.05,nearly_ready
152,177,223,316,30.22,89.48,approaching
191,156,226,319,37.52,58.7,approaching
153,134,218,306,31.28,75.83,ready
140,138,217,260,32.26,58.28,nearly_ready
85,116,183,267,30.27,67.78,approaching
127,110,158,235,30.24,65.4,nearly_ready
96,83,129,213,27.37,81.63,not_ready
142,130,227,259,35.9,56.68,approaching
158,109,234,304,30.02,66.86,ready
138,172,247,245,34.88,63.02,nearly_ready
150,188,256,287,36.3,57.92,not_ready
171,196,259,280,32.87,64.62,ready
143,107,195,241,31.16,72.43,nearly_ready
151,145,251,281,31.0,61.31,ready
150,158,230,295,34.84,50.72,nearly_ready
100,74,151,167,31.04,69.75,not_ready
204,217,205,361,35.41,71.77,not_ready
147,158,209,297,33.3,54.65,ready
191,196,247,300,35.08,83.58,not_ready
129,104,187,219,31.96,67.3,nearly_ready
119,172,222,258,34.51,67.34,approaching
138,177,241,290,32.19,62.48,nearly_ready
128,162,220,288,32.86,87.36,nearly_ready
159,140,253,269,32.76,62.57,ready
115,141,210,232,32.95,64.49,nearly_ready
159,135,221,247,31.36,62.45,ready
175,203,255,271,32.02,55.83,ready
91,79,154,156,32.18,67.83,not_ready
141,126,230,284,29.66,73.22,nearly_ready
156,134,230,257,29.75,69.56,nearly_ready
187,207,302,292,33.74,81.44,not_ready
163,187,259,291,32.44,73.94,approaching
162,185,256,293,30.81,65.0,ready
127,117,228,271,30.4,69.82,nearly_ready
170,181,225,306,30.51,86.42,nearly_ready
155,146,298,309,33.81,72.33,approaching
105,79,142,187,27.74,76.75,not_ready
90,87,125,222,28.47,77.8,not_ready
86,122,160,197,28.56,85.07,not_ready
79,115,168,193,29.11,74.3,approaching
157,182,248,263,31.4,59.55,ready
136,119,229,280,30.21,69.93,nearly_ready
90,96,118,215,27.81,78.01,not_ready
120,101,188,214,32.38,67.85,approaching
166,186,251,305,30.07,66.61,ready
145,153,239,255,31.24,59.87,nearly_ready
99,110,178,256,31.93,73.72,nearly_ready
136,142,227,296,32.12,91.72,approaching
101,92,130,211,27.56,81.42,not_ready
146,145,212,260,31.54,54.59,ready
150,152,208,281,30.54,75.33,nearly_ready
207,163,279,260,28.9,69.04,nearly_ready
123,142,209,242,32.97,62.57,nearly_ready
192,197,310,309,31.78,87.05,not_ready
78,105,149,188,29.39,71.16,not_ready
181,151,250,279,32.06,68.24,ready
175,156,249,278,32.92,49.82,ready
179,148,260,294,29.58,68.47,ready
150,138,233,269,32.52,64.15,ready
121,144,198,240,33.45,64.24,nearly_ready
136,119,207,268,30.68,68.48,ready
161,140,233,264,30.76,60.91,ready
165,149,225,274,32.32,64.32,ready
187,200,295,281,33.27,82.66,not_ready
157,177,243,268,31.81,59.87,ready
92,111,192,258,30.76,74.12,nearly_ready
135,125,211,252,33.78,56.57,nearly_ready
126,93,167,193,28.68,79.59,not_ready
137,130,215,292,30.13,73.96,ready
144,208,295,347,36.49,60.8,approaching
89,80,152,163,31.25,67.97,not_ready
133,159,230,256,33.98,63.96,nearly_ready
85,116,165,205,28.47,74.17,not_ready
228,241,303,379,32.82,73.26,approaching
150,150,209,289,30.55,74.93,ready
131,125,290,277,32.38,66.41,nearly_ready
140,184,253,299,38.14,73.3,approaching
122,93,156,196,27.51,79.48,not_ready
155,180,244,275,31.12,61.47,ready
73,110,181,193,28.42,74.76,not_ready
49,72,112,196,28.95,71.44,not_ready
131,124,217,268,31.37,68.95,nearly_ready
158,175,246,260,31.31,61.52,ready
148,155,224,259,32.6,52.54,nearly_ready
82,118,169,196,28.63,84.94,not_ready
167,181,252,306,29.91,66.84,ready
161,155,245,279,28.0,94.32,approaching
121,166,217,252,32.56,80.94,nearly_ready
94,89,124,219,28.3,77.34,not_ready
97,117,169,205,27.84,76.7,not_ready
152,192,234,264,37.27,61.85,approaching
148,201,265,366,32.93,68.77,approaching
123,110,185,236,33.7,57.07,approaching
169,148,248,274,30.97,70.42,ready
117,85,175,261,33.53,63.71,nearly_ready
118,90,189,256,33.54,63.92,nearly_ready
153,129,237,250,33.85,55.94,nearly_ready
127,141,256,237,32.73,63.7,nearly_ready
153,180,243,271,31.01,60.94,ready
50,68,113,188,28.83,71.84,not_ready
86,115,168,226,27.77,84.86,not_ready
147,109,208,242,32.4,68.61,nearly_ready
181,146,229,320,37.95,58.82,approaching
227,202,297,375,31.29,77.83,approaching
184,181,239,266,31.86,79.54,nearly_ready
144,191,260,296,35.79,67.58,not_ready
129,148,219,253,34.19,62.88,nearly_ready
125,108,173,207,32.45,67.22,approaching
132,179,255,278,35.9,58.36,not_ready
96,77,159,172,30.66,73.54,not_ready
95,104,175,220,31.89,67.03,approaching
137,128,224,295,30.32,76.95,nearly_ready
179,168,233,289,29.08,93.39,approaching
102,91,126,202,27.7,82.49,not_ready
164,190,253,294,30.85,63.86,ready
138,178,255,268,37.07,71.22,approaching
142,121,212,252,34.24,57.56,nearly_ready
146,133,226,302,32.19,74.7,ready
147,123,246,280,29.77,73.07,nearly_ready
173,204,266,302,32.18,77.78,approaching
189,120,280,272,32.97,81.41,not_ready
174,170,225,264,33.66,77.66,approaching
145,130,216,234,30.8,60.83,ready
185,210,293,296,29.93,86.64,not_ready
216,218,264,312,35.6,86.47,not_ready
103,78,141,159,27.82,73.26,not_ready
95,100,133,214,27.93,82.66,not_ready
163,138,236,249,31.72,63.3,ready
129,131,206,301,31.54,94.66,approaching
188,183,189,341,32.28,83.95,not_ready
153,186,246,279,37.12,60.9,approaching
175,139,256,277,30.35,59.84,ready
152,145,240,267,32.25,62.53,ready
169,175,252,260,31.8,60.48,ready
98,80,152,175,30.91,66.3,not_ready
183,143,256,284,34.18,48.79,nearly_ready
123,112,160,244,30.28,63.21,approaching
158,182,258,287,31.58,60.64,ready
129,113,214,266,30.0,67.02,nearly_ready
89,86,145,237,28.47,76.01,approaching
159,124,228,249,31.21,54.68,ready
98,113,179,270,32.06,70.45,nearly_ready
142,201,259,379,36.66,59.7,not_ready
145,139,197,274,30.84,70.55,ready
67,72,141,206,29.62,68.84,not_ready
175,145,254,288,34.14,48.84,ready
133,110,180,234,34.11,61.89,approaching
162,192,281,349,30.29,93.97,approaching
139,112,229,275,30.16,68.9,nearly_ready
141,170,243,268,35.47,61.86,approaching
109,104,136,209,28.5,76.5,not_ready
144,183,235,280,32.43,93.12,approaching
137,124,217,282,31.22,66.11,nearly_ready
93,86,121,211,27.97,81.93,not_ready
146,123,213,250,34.55,55.01,approaching
158,148,204,293,30.42,74.95,ready
135,122,209,273,31.11,68.04,nearly_ready
147,130,244,283,29.98,66.83,nearly_ready
204,227,270,354,31.48,75.77,approaching
227,196,305,380,31.31,76.96,approaching
139,137,219,251,31.47,55.78,ready
143,150,217,302,33.48,52.82,ready
145,205,287,356,36.73,64.02,approaching
144,146,227,254,31.3,55.89,ready
194,218,262,343,32.3,71.41,approaching
154,140,229,250,31.35,63.2,ready
197,197,172,328,33.79,74.6,not_ready
147,123,286,281,35.78,72.51,not_ready
149,152,245,274,29.7,64.02,ready
165,188,253,285,31.95,62.53,ready
169,145,238,278,30.49,68.72,ready
143,143,216,296,34.21,51.03,ready
167,154,240,263,31.2,66.38,ready
113,121,205,280,30.16,81.47,approaching
122,148,209,246,33.34,62.1,nearly_ready
212,161,309,289,30.49,64.12,approaching
162,136,221,248,35.25,51.38,approaching
144,157,215,285,33.56,52.84,ready
130,149,227,251,34.47,63.44,nearly_ready
118,118,183,236,32.91,67.04,approaching
90,96,131,208,28.01,78.76,not_ready
142,148,226,244,33.93,62.78,nearly_ready
162,138,231,271,30.49,61.47,ready
194,157,255,326,38.43,62.25,approaching
159,184,231,255,31.42,60.5,ready
89,121,173,252,31.03,66.2,approaching
139,125,220,280,31.0,67.48,nearly_ready
168,144,247,258,30.74,66.33,ready
95,108,184,253,31.44,73.71,approaching
161,175,239,263,31.33,60.12,ready
141,167,218,277,32.15,87.3,nearly_ready
150,197,252,293,35.66,67.79,not_ready
196,220,292,370,32.34,71.91,approaching
130,158,232,248,32.86,68.05,nearly_ready
215,232,297,375,31.69,76.03,approaching
119,164,226,268,32.74,83.5,nearly_ready
149,161,239,268,32.92,53.58,nearly_ready
144,143,251,272,30.18,61.98,ready
153,144,229,255,31.78,62.73,ready
114,169,238,250,36.23,59.36,not_ready
166,144,219,242,30.73,69.22,ready
145,155,218,296,32.82,52.41,ready
132,121,174,252,28.98,70.97,approaching
167,141,223,283,30.58,68.76,ready
82,115,175,209,28.46,75.16,not_ready
101,83,128,216,27.41,81.54,not_ready
79,73,152,171,31.74,66.47,not_ready
80,117,146,189,28.55,83.2,not_ready
168,133,231,260,31.52,63.13,ready
142,125,218,244,33.61,56.15,nearly_ready
90,109,167,213,28.04,77.67,not_ready
146,146,221,261,32.83,56.03,nearly_ready
114,80,144,170,27.52,77.84,not_ready
148,133,241,298,29.45,68.5,nearly_ready
71,108,167,200,28.28,81.49,not_ready
158,139,223,243,31.46,62.7,ready
87,117,192,207,29.55,77.57,not_ready
158,139,231,262,32.31,60.58,ready
76,103,154,193,29.05,71.69,not_ready
115,111,160,235,30.44,64.55,nearly_ready
93,112,172,227,27.3,78.29,not_ready
135,153,237,244,34.08,62.84,nearly_ready
166,195,264,271,33.7,58.45,ready
146,134,196,282,31.02,69.92,ready
76,90,162,220,28.82,74.98,approaching
154,150,225,257,33.02,58.57,nearly_ready
128,108,186,240,30.87,72.96,approaching
151,129,227,250,35.08,53.62,nearly_ready
131,126,213,276,30.86,70.95,ready
94,113,174,229,29.94,62.39,approaching
89,112,169,240,30.51,66.42,approaching
135,117,228,280,30.33,68.19,nearly_ready
121,91,194,252,34.11,64.52,nearly_ready
163,141,241,261,30.41,61.71,ready
181,140,253,293,33.6,47.89,nearly_ready
166,185,253,292,30.12,68.01,ready
168,197,257,275,33.43,59.03,ready
170,191,258,297,29.8,68.13,ready
200,209,296,325,31.91,78.16,approaching
164,185,242,283,30.95,61.66,ready
173,128,242,287,29.83,66.18,ready
182,190,296,284,31.21,84.3,not_ready
127,102,199,212,32.2,66.87,nearly_ready
174,190,260,273,33.41,57.64,ready
185,182,317,359,31.7,80.21,approaching
179,145,255,270,33.62,50.43,ready
161,179,246,277,30.8,60.44,ready
145,156,244,265,32.72,55.4,ready
133,112,165,222,33.04,60.44,approaching
87,131,183,255,30.56,67.63,approaching
144,154,254,292,33.07,56.64,nearly_ready
90,75,109,192,28.22,75.44,not_ready
94,97,131,213,27.99,79.01,not_ready
217,146,297,284,35.89,84.59,not_ready
164,187,246,302,29.92,67.31,ready
180,151,235,313,37.22,60.64,approaching
129,125,186,254,29.49,71.5,approaching
118,86,176,262,34.31,62.39,approaching
151,128,236,242,30.73,66.9,ready
130,97,181,214,32.57,66.81,approaching
174,148,249,247,32.18,60.51,nearly_ready
154,141,204,280,30.9,73.29,ready
163,143,233,254,31.71,61.96,ready
167,196,250,262,32.69,57.1,ready
120,130,188,234,33.93,70.39,nearly_ready
137,124,234,277,29.53,72.29,nearly_ready
102,119,178,263,31.57,71.12,nearly_ready
184,220,297,284,31.39,89.36,not_ready
90,112,155,212,28.75,74.12,not_ready
96,116,168,226,27.93,78.08,not_ready
88,102,137,215,27.88,78.93,not_ready
164,139,244,270,30.42,62.83,ready
146,164,217,296,34.81,51.08,ready
86,109,174,209,27.29,85.24,not_ready
141,143,227,274,32.1,53.52,nearly_ready
170,134,239,270,32.58,51.41,ready
128,137,218,302,32.83,94.97,approaching
145,132,251,267,32.69,61.96,ready
167,179,231,351,29.53,95.0,approaching
80,83,156,209,28.06,78.4,not_ready
159,162,241,318,35.29,51.82,nearly_ready
145,142,266,318,31.18,87.99,approaching
152,136,199,290,30.65,70.9,ready
101,166,227,272,35.4,61.49,approaching
116,144,215,240,32.61,66.08,nearly_ready
90,107,165,238,29.83,64.73,approaching
146,125,220,287,30.93,74.45,ready
165,189,249,289,30.61,64.69,ready
150,149,229,262,33.42,62.11,nearly_ready
150,135,234,255,35.26,52.97,approaching
139,95,191,212,32.88,65.57,approaching
142,150,228,257,31.47,58.28,ready
86,92,128,225,28.15,77.64,not_ready
120,92,180,198,30.78,70.99,approaching
170,172,234,315,30.33,89.54,approaching
115,84,145,186,26.85,79.18,not_ready
159,183,239,280,38.08,61.52,approaching
165,129,243,277,30.83,60.18,ready
190,178,238,292,38.27,55.11,approaching
106,68,138,170,27.87,73.45,not_ready
125,155,219,272,32.45,83.4,nearly_ready
171,200,311,295,31.66,89.48,not_ready
95,104,171,222,31.35,69.45,approaching
45,73,105,202,28.66,70.11,not_ready
132,154,222,245,33.73,63.94,nearly_ready
103,87,126,227,27.46,82.62,not_ready
165,142,230,271,30.34,68.97,ready
69,76,115,201,28.33,75.8,not_ready
132,149,219,241,34.13,63.67,nearly_ready
157,164,242,281,32.88,53.28,nearly_ready
152,121,216,287,30.44,75.11,nearly_ready
136,198,252,362,32.86,69.72,nearly_ready
92,120,174,214,27.94,77.6,not_ready
70,73,137,202,29.62,71.58,not_ready
48,75,109,197,28.25,72.21,not_ready
105,83,174,184,30.67,72.87,not_ready
98,96,129,216,28.61,78.13,not_ready
110,102,183,263,31.27,74.51,nearly_ready
121,188,239,347,32.82,65.72,approaching
93,98,137,209,27.73,79.47,not_ready
131,140,218,253,32.75,67.51,nearly_ready
170,143,250,278,29.96,65.03,ready
87,94,137,208,28.44,78.12,not_ready
85,117,175,211,27.88,84.38,not_ready
95,75,166,178,31.15,69.74,not_ready
147,133,221,297,32.23,73.41,ready
93,91,157,171,30.5,73.0,not_ready
192,212,298,302,34.32,73.85,not_ready
115,117,178,239,31.04,73.53,approaching
83,100,130,198,28.28,76.31,not_ready
206,243,286,377,31.39,77.83,approaching
166,162,264,294,30.55,69.82,ready
148,145,246,262,32.08,65.59,ready
117,91,161,184,26.83,80.02,not_ready
195,205,291,286,32.34,87.88,not_ready
78,90,151,203,28.94,70.7,not_ready
138,152,204,265,31.53,55.25,ready
170,157,259,279,31.94,71.11,ready
139,123,285,279,36.08,72.11,not_ready
146,176,235,259,31.39,61.41,ready
133,120,205,262,30.82,70.3,ready
144,127,224,247,34.62,56.3,approaching
62,80,134,207,29.27,69.25,not_ready
96,96,125,219,28.07,81.27,not_ready
121,152,222,254,32.67,66.08,ready
169,129,245,275,30.3,64.48,ready
113,90,141,191,26.86,80.56,not_ready
159,175,257,353,29.98,94.95,approaching
153,134,247,266,32.61,62.29,ready
156,177,238,346,30.37,94.6,approaching
94,119,173,230,27.4,81.23,not_ready
150,157,236,268,32.6,55.58,ready
158,134,228,246,31.52,65.06,nearly_ready
137,146,214,251,31.11,55.4,ready
119,135,209,231,32.75,65.82,ready
88,114,173,201,29.0,75.04,approaching
178,190,250,340,30.92,94.06,approaching
127,161,224,268,32.48,84.21,nearly_ready
88,120,166,209,27.55,84.93,not_ready
138,109,198,250,30.85,72.42,nearly_ready
118,141,214,238,32.85,64.6,nearly_ready
128,127,230,286,29.42,70.95,nearly_ready
76,84,150,205,29.59,71.36,not_ready
160,149,239,288,29.12,89.29,approaching
113,81,152,171,27.66,78.26,not_ready
95,130,188,257,31.35,66.85,approaching
101,131,185,268,32.05,63.63,approaching
182,145,249,285,33.67,48.23,ready
68,72,154,203,29.05,71.85,approaching
88,111,176,223,27.77,85.42,not_ready
132,106,226,285,30.23,67.2,nearly_ready
89,109,167,215,28.13,76.14,not_ready
56,74,131,214,27.61,75.68,not_ready
204,204,242,278,31.58,88.39,not_ready
154,156,210,297,33.49,53.53,ready
157,159,233,267,31.95,63.7,ready
131,100,185,225,32.37,66.99,nearly_ready
159,163,257,282,30.43,68.76,ready
133,127,228,277,29.98,69.0,nearly_ready
94,104,180,256,32.21,71.34,nearly_ready
151,129,186,288,31.68,67.71,ready
116,127,197,228,31.83,68.9,nearly_ready
145,135,194,288,31.84,68.99,ready
149,168,236,261,32.94,53.08,ready
62,81,114,203,28.82,71.59,not_ready
102,87,132,224,27.68,82.42,not_ready
164,181,244,284,31.1,61.96,ready
140,154,227,298,33.57,52.52,ready
140,114,202,273,31.44,67.83,nearly_ready
166,155,252,279,31.42,69.13,ready
142,173,257,295,37.27,74.03,approaching
79,104,170,197,28.36,82.42,not_ready
186,195,274,373,30.89,88.67,approaching
91,117,181,247,32.4,63.93,approaching
133,158,232,253,33.22,65.38,nearly_ready
158,134,224,255,31.89,63.22,ready
166,153,255,270,31.15,68.58,ready
92,72,145,168,31.62,66.92,not_ready
77,113,191,221,27.76,78.56,not_ready
106,74,138,185,27.51,76.72,not_ready
159,154,252,289,30.15,67.45,ready
144,131,232,250,31.13,64.7,ready
136,151,214,245,33.16,62.79,nearly_ready
125,151,264,255,32.71,78.19,nearly_ready
103,107,183,251,31.28,72.16,nearly_ready
169,151,249,266,31.04,67.25,ready
160,156,256,284,30.36,67.27,ready
159,188,253,280,32.49,59.64,ready
141,115,225,281,30.32,68.0,nearly_ready
164,161,264,285,31.41,63.57,ready
124,107,171,264,29.82,67.37,approaching
156,163,268,300,30.43,69.59,ready
168,147,228,257,32.07,62.44,ready
187,203,292,285,34.2,78.78,not_ready
140,146,227,262,31.65,56.04,ready
126,163,220,273,31.64,84.76,nearly_ready
95,131,194,247,30.91,70.18,approaching
99,85,172,177,30.62,72.34,not_ready
134,122,221,313,33.1,91.02,approaching
83,107,159,247,30.54,65.16,approaching
114,84,181,259,33.44,60.94,approaching
134,149,223,258,34.3,63.05,nearly_ready
57,73,119,204,29.97,73.44,not_ready
118,127,198,233,34.67,67.4,approaching
144,161,231,254,34.85,61.63,approaching
177,145,249,284,34.19,47.93,nearly_ready
149,151,235,264,31.79,56.88,nearly_ready
157,137,235,249,31.67,62.87,ready
144,118,202,250,33.42,57.3,nearly_ready
89,120,179,251,30.85,67.27,approaching
162,140,248,268,30.97,67.23,ready
178,106,247,245,34.14,76.58,approaching
139,129,230,258,31.39,64.29,ready
147,134,246,283,29.49,68.64,nearly_ready
125,164,225,260,34.35,67.05,approaching
231,206,303,328,31.51,75.71,not_ready
174,165,248,274,31.42,71.44,ready
87,83,159,174,31.13,67.26,not_ready
133,160,235,236,33.64,66.28,nearly_ready
165,182,246,270,31.98,60.06,ready
167,157,265,287,29.87,67.64,ready
157,148,247,264,27.74,91.94,approaching
125,102,191,213,32.49,66.51,nearly_ready
161,148,242,263,32.07,62.17,ready
151,146,249,265,32.96,62.32,ready
86,109,166,216,29.02,75.64,not_ready
122,164,233,288,32.0,86.49,nearly_ready
138,120,217,241,33.71,56.99,nearly_ready
155,132,229,249,31.47,64.24,nearly_ready
167,151,245,270,31.38,67.17,ready
115,89,185,265,33.86,64.75,approaching
96,98,131,208,28.14,78.95,not_ready
130,129,183,219,33.8,72.52,approaching
173,164,221,258,32.39,80.22,approaching
89,94,132,204,28.25,77.75,not_ready
186,196,303,298,33.23,79.1,not_ready
86,113,167,209,28.32,76.14,not_ready
205,232,298,376,31.56,77.82,approaching
136,101,193,239,31.3,70.53,nearly_ready
66,73,133,203,28.42,75.17,not_ready
96,98,119,221,28.0,82.8,not_ready
153,152,233,260,32.74,55.97,nearly_ready
85,113,173,209,28.65,85.04,not_ready
165,150,243,283,31.02,70.25,ready
155,135,233,257,35.03,54.46,approaching
164,136,231,270,30.32,61.9,ready
135,132,215,277,30.76,70.57,nearly_ready
54,53,159,215,29.76,67.04,not_ready
197,201,241,289,31.85,87.77,not_ready
130,89,183,250,34.28,62.23,approaching
121,90,186,251,33.47,63.98,nearly_ready
119,83,138,167,27.64,78.49,not_ready
73,107,171,184,29.0,71.83,not_ready
192,212,313,314,32.04,82.02,not_ready
98,122,176,227,27.2,80.46,not_ready
129,105,175,233,33.99,56.93,approaching
176,144,246,270,34.28,49.42,ready
172,137,229,269,32.06,63.68,ready
140,150,255,280,30.55,60.67,ready
117,78,155,193,27.84,78.98,not_ready
193,173,314,353,30.6,80.13,approaching
102,109,189,263,31.4,72.83,nearly_ready
149,165,223,303,34.39,51.75,ready
155,177,238,348,29.96,93.8,approaching
162,173,227,315,31.25,89.73,approaching
146,163,219,300,34.93,51.08,nearly_ready
191,218,287,343,32.55,76.28,approaching
157,146,206,300,30.33,75.26,nearly_ready
171,142,230,262,31.47,64.22,ready
153,162,262,280,30.29,65.08,ready
193,207,303,301,31.84,88.74,not_ready
156,181,236,281,31.03,60.76,ready
160,136,231,259,31.98,62.9,ready
139,114,300,288,33.6,69.67,approaching
164,174,240,312,29.76,89.55,approaching
166,139,222,252,31.1,66.71,ready
82,78,115,199,29.11,73.08,not_ready
140,159,227,259,34.06,67.89,nearly_ready
134,206,255,375,34.02,66.11,approaching
132,120,213,269,30.9,67.6,nearly_ready
87,107,153,234,31.07,62.48,approaching
88,117,187,210,27.98,86.4,not_ready
148,157,229,268,32.18,56.52,ready
126,84,152,190,28.08,78.51,not_ready
115,115,188,218,33.44,70.14,nearly_ready
170,137,238,270,32.42,50.33,ready
90,106,159,225,29.92,65.54,approaching
172,200,292,281,33.31,78.52,approaching
153,186,272,334,36.0,60.85,approaching
106,74,141,168,27.18,77.13,not_ready
144,140,239,263,32.6,62.9,ready
83,112,174,242,30.76,64.9,approaching
94,105,133,226,28.03,82.85,not_ready
152,185,248,287,31.04,61.59,ready
210,161,306,284,28.03,74.01,approaching
134,111,198,256,31.03,72.78,nearly_ready
124,96,194,267,34.52,62.12,nearly_ready
140,143,308,308,33.46,69.47,approaching
202,240,293,342,32.04,79.94,not_ready
160,162,229,273,32.95,53.59,nearly_ready
190,180,222,258,32.75,78.81,approaching
126,104,179,211,32.71,66.95,approaching
153,186,283,346,30.42,92.75,approaching
84,110,172,221,27.56,85.2,not_ready
121,99,187,228,31.35,66.53,nearly_ready
124,110,227,271,29.08,71.2,nearly_ready
127,170,245,299,37.79,70.94,approaching
150,157,233,265,32.77,54.2,nearly_ready
125,122,168,248,29.42,68.45,nearly_ready
203,218,196,370,33.15,88.88,not_ready
183,198,282,317,31.95,76.17,approaching
143,150,218,258,33.32,57.71,nearly_ready
121,101,164,219,32.23,61.44,approaching
204,183,186,349,32.27,76.71,approaching
183,192,317,359,30.92,80.59,approaching
76,79,153,212,30.68,68.99,approaching
151,222,268,305,35.71,57.81,not_ready
178,150,251,277,33.9,48.51,ready
119,99,181,236,30.94,69.53,approaching
79,114,175,191,28.52,73.32,not_ready
124,167,225,270,31.98,81.52,nearly_ready
168,164,245,335,37.23,62.15,approaching
151,139,191,286,32.04,69.69,ready
126,98,181,214,32.44,65.93,nearly_ready
138,138,199,278,30.45,72.14,ready
172,140,250,264,34.09,51.16,ready
205,214,293,336,32.49,77.67,not_ready
90,92,128,209,28.51,78.24,not_ready
142,122,224,242,30.72,64.55,ready
161,157,244,276,31.11,68.87,ready
126,135,209,240,33.24,64.49,nearly_ready
131,99,174,219,32.45,67.56,approaching
85,112,165,227,30.77,63.69,approaching
136,147,229,250,31.13,58.7,ready
116,84,143,186,26.9,79.5,not_ready
136,104,262,279,34.65,67.11,approaching
157,141,226,263,32.18,59.79,ready
105,119,192,272,30.76,76.64,nearly_ready
108,83,153,180,27.79,78.04,not_ready
126,143,216,248,32.73,65.4,nearly_ready
72,93,143,220,30.23,61.4,approaching
59,72,110,196,28.88,73.56,not_ready
139,158,219,291,34.02,52.84,ready
158,191,263,281,31.22,61.1,ready
124,126,189,223,32.96,70.27,nearly_ready
148,121,198,277,31.21,67.55,nearly_ready
157,158,223,270,35.29,57.09,nearly_ready
124,123,200,227,33.6,70.69,nearly_ready
150,166,229,303,34.27,51.34,ready
133,158,236,251,34.04,63.76,nearly_ready
168,136,238,270,30.23,71.09,nearly_ready
138,115,190,213,31.55,68.88,nearly_ready
103,105,179,248,31.56,72.25,approaching
119,164,214,265,32.55,81.43,nearly_ready
165,148,220,296,32.13,72.57,ready
133,113,186,220,33.13,65.57,approaching
156,187,245,265,31.34,60.7,ready
154,134,224,251,31.12,65.6,nearly_ready
99,126,196,252,31.15,69.35,approaching
174,148,242,254,32.31,61.39,ready
166,163,253,281,31.58,71.5,ready
96,121,189,259,31.92,64.2,approaching
142,130,242,261,31.56,65.29,nearly_ready
200,173,301,271,28.35,74.6,approaching
89,115,148,230,29.31,66.0,approaching
142,123,308,299,35.0,66.7,approaching
127,126,192,226,33.37,68.7,approaching
118,83,159,199,27.17,79.19,not_ready
119,159,241,253,32.87,78.43,nearly_ready
142,162,245,251,34.88,61.76,nearly_ready
126,101,184,214,32.19,67.28,approaching
166,157,253,325,38.01,60.38,approaching
189,182,189,336,32.58,73.84,approaching
178,140,246,270,34.13,50.9,nearly_ready
88,87,178,227,30.73,73.31,approaching
120,162,211,260,32.97,78.33,nearly_ready
119,90,180,248,32.75,66.44,nearly_ready
118,99,141,272,30.42,77.61,not_ready
170,179,219,268,32.72,82.18,approaching
149,151,248,282,30.52,63.58,ready
155,199,273,307,36.15,62.61,not_ready
151,177,242,263,35.29,66.62,nearly_ready
139,163,241,245,34.7,65.49,approaching
164,187,254,267,33.54,58.1,ready
128,167,216,274,31.92,85.76,nearly_ready
114,158,217,261,32.02,81.87,nearly_ready
165,192,249,266,32.58,58.81,ready
139,166,245,261,33.67,67.44,nearly_ready
134,122,300,268,34.37,60.83,approaching
155,170,250,347,29.98,94.5,approaching
165,177,250,296,29.63,68.42,ready
152,144,237,255,32.13,63.05,ready
88,110,162,216,28.21,76.95,not_ready
127,85,192,265,34.5,61.03,approaching
185,166,236,299,37.16,58.37,approaching
